,index,city,lat,lon
0,5242,Abaré,-8.72073,-39.1162
1,923,Abaíra,-13.2488,-41.6619
2,1750,Acajutiba,-11.6575,-38.0197
3,376,Adustina,-10.5437,-38.1113
4,1169,Aiquara,-14.1269,-39.8937
5,118,Alagoinhas,-12.1335,-38.4208
6,9038,Alcobaça,-17.5195,-39.2036
7,1864,Almadina,-14.7089,-39.6415
8,4315,Amargosa,-13.0215,-39.602
9,1171,Amélia Rodrigues,-12.3914,-38.7563
10,6136,América Dourada,-11.4429,-41.43899999999999
11,5049,Anagé,-14.6151,-41.1356
12,9996,Andaraí,-12.8049,-41.3297
13,13908,Andorinha,-10.3482,-39.8391
14,12428,Angical,-12.0063,-44.7003
15,4317,Anguera,-12.1462,-39.2462
16,9358,Antas,-10.3856,-38.3401
17,7625,Antônio Cardoso,-12.4335,-39.1176
18,13913,Antônio Gonçalves,-10.5767,-40.2785
19,6608,Aporá,-11.6577,-38.0814
20,6609,Apuarema,-13.8542,-39.7501
21,2477,Aracatu,-14.427999999999999,-41.4648
22,580,Araci,-11.3253,-38.9584
23,10004,Aramari,-12.0884,-38.4969
24,2615,Arataca,-15.2651,-39.419000000000004
25,8458,Aratuípe,-13.0716,-39.0038
26,5054,Araças,-12.22,-38.2027
27,581,Aurelino Leal,-14.321,-39.329
28,1,Bahia,,
29,7902,Baianópolis,-12.3016,-44.5388
30,16195,Baixa Grande,-11.9519,-40.169000000000004
31,5258,Banzaê,-10.5788,-38.6212
32,234,Barra,-11.0859,-43.1459
33,11725,Barra da Estiva,-13.6237,-41.3347
34,473,Barra do Choça,-14.8654,-40.5791
35,6862,Barra do Mendes,-11.81,-42.059
36,268,Barra do Rocha,-14.2,-39.5991
37,60,Barreiras,-12.1439,-44.9968
38,1454,Barro Preto,-14.7948,-39.476
39,4327,Barrocas,-11.5272,-39.0776
40,305,Belmonte,-15.8608,-38.8758
41,14309,Belo Campo,-15.0334,-41.2652
42,7376,Biritinga,-11.6072,-38.8051
43,11024,Boa Nova,-14.3598,-40.2064
44,3828,Boa Vista do Tupim,-12.6498,-40.6064
45,1010,Bom Jesus da Lapa,-13.2506,-43.4108
46,7645,Bom Jesus da Serra,-14.3663,-40.5126
47,11028,Boninal,-12.7069,-41.8286
48,10687,Bonito,-11.9668,-41.2647
49,4874,Boquira,-12.8205,-42.7324
50,12460,Botuporã,-13.3772,-42.5163
51,12827,Brejões,-13.1039,-39.7988
52,11031,Brotas de Macaúbas,-11.9915,-42.6326
53,71,Brumado,-14.2021,-41.6696
54,1181,Buerarema,-14.9595,-39.3028
55,8766,Buritirama,-10.7171,-43.6302
56,13574,Caatiba,-14.9699,-40.4092
57,5271,Cabaceiras do Paraguaçu,-12.5317,-39.1902
58,383,Cachoeira,-12.5994,-38.9587
59,8769,Caculé,-14.5003,-42.2229
60,2232,Caetanos,-14.3347,-40.9175
61,6160,Caetité,-14.0684,-42.4861
62,19290,Cafarnaum,-11.6914,-41.4688
63,4692,Cairu,-13.4904,-39.0465
64,2109,Caldeirão Grande,-11.0208,-40.2956
65,717,Camacan,-15.4142,-39.4919
66,2235,Camamu,-13.9398,-39.1071
67,44,Camaçari,-12.6996,-38.3263
68,1880,Campo Alegre de Lourdes,-9.522210000000001,-43.0126
69,480,Campo Formoso,-10.5105,-40.32
70,102,Canarana,-11.6858,-41.7677
71,939,Canavieiras,-15.6722,-38.9536
72,10041,Candeal,-11.8049,-39.1203
73,239,Candeias,-12.6716,-38.5472
74,9087,Candiba,-14.4097,-42.8667
75,722,Cansanção,-10.6647,-39.4944
76,8783,Canudos,-9.900139999999999,-39.1471
77,4345,Capela do Alto Alegre,-11.6658,-39.8349
78,793,Capim Grosso,-11.3797,-40.0089
79,10378,Caravelas,-17.7268,-39.2597
80,7936,Caraíbas,-14.7177,-41.2603
81,5946,Cardeal da Silva,-11.9472,-37.9469
82,11059,Carinhanha,-14.2985,-43.7724
83,8788,Casa Nova,-9.16408,-40.974
84,1372,Castro Alves,-12.7579,-39.4248
85,13976,Catolândia,-12.31,-44.8648
86,240,Catu,-12.3513,-38.3791
87,5949,Caém,-11.0677,-40.431999999999995
88,9098,Central,-11.1376,-42.1116
89,11065,Chorrochó,-8.9695,-39.0979
90,7403,Cipó,-11.1032,-38.5179
91,241,Coaraci,-14.637,-39.5556
92,6179,Cocos,-14.1814,-44.5352
93,5086,Conceição da Feira,-12.5078,-38.9978
94,5291,Conceição do Almeida,-12.7836,-39.1715
95,595,Conceição do Coité,-11.56,-39.2808
96,62,Conceição do Jacuípe,-12.3268,-38.7684
97,87,Conde,-11.8179,-37.6131
98,6185,Condeúba,-14.9022,-41.9718
99,1378,Coração de Maria,-12.2333,-38.7487
100,12873,Cordeiros,-15.0356,-41.9308
101,18940,Coribe,-13.8232,-44.4586
102,8228,Coronel João Sá,-10.2847,-37.9198
103,10066,Correntina,-13.3477,-44.6333
104,20529,Cotegipe,-12.0228,-44.2566
105,1675,Cravolândia,-13.3531,-39.8031
106,5297,Cristópolis,-12.2249,-44.4214
107,7953,Crisópolis,-11.5059,-38.1515
108,2009,Cruz das Almas,-12.6675,-39.1008
109,1196,Curaçá,-8.984580000000001,-39.8997
110,7156,Cândido Sales,-15.4993,-41.2414
111,8517,Cícero Dantas,-10.5897,-38.3794
112,213,Dias d'Ávila,-12.6187,-38.2926
113,4358,Dom Basílio,-13.7565,-41.7677
114,12517,Dom Macedo Costa,-12.9016,-39.1923
115,2513,Dário Meira,-14.4229,-39.9031
116,18954,Elísio Medrado,-12.9417,-39.5191
117,4718,Encruzilhada,-15.5302,-40.9124
118,4719,Entre Rios,-11.9392,-38.0871
119,7162,Esplanada,-11.7942,-37.9432
120,599,Euclides da Cunha,-10.5078,-39.0153
121,1109,Eunápolis,-16.3715,-39.5821
122,19349,Feira da Mata,-14.2044,-44.2744
123,0,Feira de Santana,-12.2664,-38.9663
124,9440,Filadélfia,-10.7405,-40.1437
125,10415,Firmino Alves,-14.9823,-39.9269
126,1029,Floresta Azul,-14.8629,-39.6579
127,10752,Formosa do Rio Preto,-11.0328,-45.193000000000005
128,8245,Fátima,-10.616,-38.2239
129,393,Gandu,-13.7441,-39.4747
130,12899,Gentio do Ouro,-11.4342,-42.5077
131,7429,Glória,-9.34382,-38.2544
132,602,Gongogi,-14.3195,-39.469
133,3081,Governador Mangabeira,-12.5994,-39.0412
134,12534,Guajeru,-14.5467,-41.9381
135,1387,Guanambi,-14.2231,-42.7799
136,2798,Guaratinga,-16.5833,-39.7847
137,19364,Heliópolis,-10.6825,-38.2907
138,5314,Iaçu,-12.7666,-40.2056
139,19366,Ibiassucê,-14.2711,-42.257
140,1792,Ibicaraí,-14.8579,-39.5914
141,18589,Ibicoara,-13.4059,-41.284
142,10762,Ibicuí,-14.845,-39.9879
143,9136,Ibipeba,-11.6438,-42.0195
144,10764,Ibipitanga,-12.8804,-42.4856
145,19372,Ibiquera,-12.6444,-40.9338
146,3085,Ibirapitanga,-14.1649,-39.3787
147,7175,Ibirapuã,-17.6832,-40.1129
148,438,Ibirataia,-14.0643,-39.6459
149,5318,Ibitiara,-12.6502,-42.2179
150,491,Ibotirama,-12.1779,-43.2167
151,19378,Ichu,-11.7431,-39.1905
152,20577,Igaporã,-13.774000000000001,-42.7155
153,5320,Igrapiúna,-13.8295,-39.1361
154,8543,Iguaí,-14.7528,-40.0894
155,106,Ilhéus,-14.793,-39.046
156,89,Importados/Indefinidos,,
157,5323,Inhambupe,-11.780999999999999,-38.355
158,5324,Ipecaetá,-12.3028,-39.3069
159,148,Ipiaú,-14.1226,-39.7353
160,1586,Ipirá,-12.1561,-39.7359
161,11123,Iramaia,-13.2902,-40.9595
162,17840,Iraquara,-12.2429,-41.6155
163,4555,Irará,-12.0504,-38.7631
164,1119,Irecê,-11.3033,-41.8535
165,1588,Itabela,-16.5732,-39.5593
166,1589,Itaberaba,-12.5242,-40.3059
167,38,Itabuna,-14.7876,-39.2781
168,2148,Itacaré,-14.2784,-38.9959
169,6940,Itaeté,-12.9831,-40.9677
170,609,Itagi,-14.1615,-40.0131
171,171,Itagibá,-14.2782,-39.8449
172,20195,Itagimirim,-16.0819,-39.6133
173,6226,Itaguaçu da Bahia,-11.0147,-42.3997
174,17851,Itaju do Colônia,-15.1366,-39.7283
175,251,Itajuípe,-14.6788,-39.3698
176,194,Itamaraju,-17.0378,-39.5386
177,1595,Itamari,-13.7782,-39.683
178,14432,Itambé,-15.2429,-40.63
179,6701,Itanagra,-12.2614,-38.0436
180,7200,Itanhém,-17.1642,-40.3321
181,2279,Itaparica,-12.8932,-38.68
182,675,Itapebi,-15.9551,-39.5329
183,401,Itapetinga,-15.2475,-40.2482
184,4390,Itapicuru,-11.3088,-38.2262
185,4216,Itapitanga,-14.4139,-39.5657
186,965,Itapé,-14.8876,-39.4239
187,8863,Itaquara,-13.4459,-39.9378
188,447,Itarantim,-15.6528,-40.065
189,615,Itatim,-12.7099,-39.6952
190,12580,Itiruçu,-13.529000000000002,-40.1472
191,6007,Itiúba,-10.6948,-39.8446
192,195,Itororó,-15.11,-40.0684
193,9491,Ituaçu,-13.8107,-41.3003
194,680,Ituberá,-13.7249,-39.1481
195,11504,Iuiú,-14.4054,-43.5595
196,7212,Jaborandi,-13.6071,-44.4255
197,6713,Jacaraci,-14.8541,-42.4329
198,3730,Jacobina,-11.1812,-40.5117
199,749,Jaguaquara,-13.5248,-39.964
200,2547,Jaguarari,-10.2569,-40.1999
201,6477,Jaguaripe,-13.1109,-38.8939
202,10142,Jandaíra,-11.5616,-37.7853
203,76,Jequié,-13.8509,-40.0877
204,12594,Jeremoabo,-10.0685,-38.3471
205,7481,Jiquiriçá,-13.2621,-39.5737
206,3734,Jitaúna,-14.0131,-39.8969
207,8585,João Dourado,-11.3486,-41.6548
208,77,Juazeiro,-9.41622,-40.5033
209,19832,Jucuruçu,-16.8488,-40.1641
210,10818,Jussara,-11.0431,-41.9702
211,2969,Jussari,-15.192,-39.491
212,3266,Jussiape,-13.5155,-41.5882
213,4766,Lafaiete Coutinho,-13.6541,-40.2119
214,2164,Laje,-13.1673,-39.4213
215,2291,Lajedo do Tabocal,-13.4663,-40.2204
216,7226,Lajedão,-17.6056,-40.3383
217,7227,Lamarão,-11.773,-38.887
218,6486,Lapão,-11.3851,-41.8286
219,39,Lauro de Freitas,-12.8978,-38.321
220,19444,Lençóis,-12.5616,-41.3928
221,1931,Licínio de Almeida,-14.6842,-42.5095
222,2167,Livramento de Nossa Senhora,-13.6369,-41.8432
223,824,Luís Eduardo Magalhães,-12.0956,-45.7866
224,15232,Macajuba,-12.1326,-40.3571
225,8035,Macarani,-15.5646,-40.4209
226,9517,Macaúbas,-13.0186,-42.6945
227,19451,Macururé,-9.16226,-39.0518
228,3584,Madre de Deus,-12.7446,-38.6153
229,10163,Maetinga,-14.6623,-41.4915
230,8601,Maiquinique,-15.624,-40.2587
231,6732,Mairi,-11.7107,-40.1437
232,11536,Malhada,-14.3371,-43.7686
233,9840,Malhada de Pedras,-14.3847,-41.8842
234,4412,Manoel Vitorino,-14.1476,-40.2399
235,9205,Mansidão,-10.7227,-44.0428
236,2693,Maracás,-13.4355,-40.4323
237,2048,Maragogipe,-12.776,-38.9175
238,2695,Maraú,-14.1035,-39.0137
239,7769,Marcionílio Souza,-13.0064,-40.5295
240,7239,Mascote,-15.5542,-39.3016
241,2557,Mata de São João,-12.5307,-38.3009
242,10507,Matina,-13.9109,-42.8439
243,257,Medeiros Neto,-17.3707,-40.2238
244,5370,Miguel Calmon,-11.4299,-40.6031
245,9214,Milagres,-12.8646,-39.8611
246,5371,Mirangaba,-10.960999999999999,-40.574
247,1412,Mirante,-14.2385,-40.7718
248,5592,Monte Santo,-10.4374,-39.3321
249,1610,Morpará,-11.5569,-43.2766
250,4969,Morro do Chapéu,-11.5488,-41.1565
251,11555,Mortugaba,-15.0225,-42.3727
252,1611,Mucugê,-13.0053,-41.3703
253,5163,Mucuri,-18.0754,-39.5565
254,9539,Mulungu do Morro,-11.9648,-41.6374
255,5164,Mundo Novo,-11.8541,-40.4714
256,8913,Muniz Ferreira,-13.0092,-39.1092
257,11561,Muquém de São Francisco,-12.065,-43.5497
258,5165,Muritiba,-12.6329,-38.9921
259,6042,Mutuípe,-13.2284,-39.5044
260,3281,Nazaré,-13.0235,-39.0108
261,2174,Nilo Peçanha,-13.604000000000001,-39.1091
262,3130,Nordestina,-10.8192,-39.4297
263,11567,Nova Canaã,-14.7912,-40.1458
264,7519,Nova Fátima,-11.6031,-39.6302
265,5382,Nova Ibiá,-13.812000000000001,-39.6182
266,19094,Nova Itarana,-13.0241,-40.0653
267,14516,Nova Redenção,-12.815,-41.0748
268,225,Nova Soure,-11.2329,-38.4871
269,3919,Nova Viçosa,-17.8926,-39.3743
270,15276,Novo Horizonte,-12.8083,-42.1682
271,8923,Novo Triunfo,-10.3182,-38.4014
272,6756,Olindina,-11.3497,-38.3379
273,2176,Oliveira dos Brejinhos,-12.3132,-42.8969
274,454,Ouriçangas,-12.0175,-38.6166
275,8927,Ourolândia,-10.9578,-41.0756
276,10202,Palmas de Monte Alto,-14.2676,-43.1609
277,455,Palmeiras,-12.5059,-41.5809
278,1141,Paramirim,-13.4388,-42.2395
279,6284,Paratinga,-12.687000000000001,-43.1798
280,8931,Paripiranga,-10.6859,-37.8626
281,3136,Pau Brasil,-15.4572,-39.6458
282,1720,Paulo Afonso,-9.3983,-38.2216
283,8934,Pedro Alexandre,-10.012,-37.8932
284,9245,Pedrão,-12.1491,-38.6487
285,5391,Piatã,-13.1465,-41.7702
286,3291,Pilão Arcado,-10.0051,-42.4936
287,9248,Pindaí,-14.4921,-42.68600000000001
288,9249,Pindobaçu,-10.7433,-40.3675
289,8074,Pintadas,-11.8117,-39.9009
290,8640,Piraí do Norte,-13.759,-39.3836
291,456,Piripá,-14.9444,-41.7168
292,6058,Piritiba,-11.73,-40.5587
293,11237,Planalto,-14.6654,-40.4718
294,199,Pojuca,-12.4303,-38.3374
295,5395,Ponto Novo,-10.8653,-40.1311
296,24,Porto Seguro,-16.4435,-39.0643
297,4260,Potiraguá,-15.5943,-39.8638
298,8945,Poções,-14.5234,-40.3634
299,29,Prado,-17.3364,-39.2227
300,4438,Presidente Dutra,-11.2923,-41.9843
301,5400,Presidente Jânio Quadros,-14.6885,-41.6798
302,4439,Presidente Tancredo Neves,-13.4471,-39.4203
303,10900,Pé de Serra,-11.8313,-39.611
304,5185,Queimadas,-10.9736,-39.6293
305,11964,Quijingue,-10.7505,-39.2137
306,4802,Quixabeira,-11.4031,-40.12
307,3142,Rafael Jambeiro,-12.4053,-39.5007
308,3452,Remanso,-9.619439999999999,-42.0848
309,3297,Retirolândia,-11.4832,-39.4234
310,7027,Riacho de Santana,-13.6059,-42.9397
311,8091,Riachão das Neves,-11.7508,-44.9143
312,6304,Riachão do Jacuípe,-11.8067,-39.3818
313,7286,Ribeira do Amparo,-11.0421,-38.4242
314,1517,Ribeira do Pombal,-10.8373,-38.5382
315,10238,Ribeirão do Largo,-15.4508,-40.7441
316,1834,Rio Real,-11.4814,-37.9332
317,8375,Rio do Antônio,-14.4071,-42.0721
318,761,Rio do Pires,-13.1185,-42.2902
319,4809,Rodelas,-8.85021,-38.78
320,4998,Ruy Barbosa,-12.2816,-40.4931
321,8379,Salinas da Margarida,-12.873,-38.7562
322,15,Salvador,-12.9718,-38.5011
323,7557,Santa Brígida,-9.73227,-38.1209
324,2577,Santa Bárbara,-11.9515,-38.9681
325,333,Santa Cruz Cabrália,-16.2825,-39.0295
326,9601,Santa Cruz da Vitória,-14.964,-39.8115
327,8103,Santa Inês,-13.2793,-39.814
328,694,Santa Luzia,-15.4342,-39.3287
329,462,Santa Maria da Vitória,-13.3859,-44.2011
330,8973,Santa Rita de Cássia,-11.0063,-44.5255
331,1067,Santa Teresinha,-12.7697,-39.5215
332,2448,Santaluz,-11.2508,-39.375
333,19557,Santana,-12.9792,-44.0506
334,4108,Santanópolis,-12.0311,-38.8694
335,2722,Santo Amaro,-12.5472,-38.7137
336,3154,Santo Antônio de Jesus,-12.9614,-39.2584
337,4278,Santo Estêvão,-12.427999999999999,-39.2505
338,7303,Sapeaçu,-12.7208,-39.1824
339,3155,Saubara,-12.7387,-38.7625
340,5424,Saúde,-10.9428,-40.4155
341,2583,Seabra,-12.4169,-41.7722
342,4823,Senhor do Bonfim,-10.4594,-40.1865
343,5427,Sento Sé,-9.74138,-41.8786
344,10266,Serra Dourada,-12.759,-43.9504
345,1841,Serra Preta,-12.155999999999999,-39.3305
346,911,Serra do Ramalho,-13.5659,-43.5929
347,631,Serrinha,-11.6584,-39.01
348,3951,Serrolândia,-11.4085,-40.2983
349,413,Simões Filho,-12.7866,-38.4029
350,5214,Sobradinho,-9.450239999999999,-40.8145
351,7848,Souto Soares,-12.088,-41.6427
352,2074,Sátiro Dias,-11.5929,-38.5938
353,5216,São Desidério,-12.3572,-44.9769
354,115,São Domingos,-11.4649,-39.5268
355,2590,São Felipe,-12.8394,-39.0893
356,518,São Francisco do Conde,-12.6183,-38.6786
357,8698,São Félix,-12.6104,-38.9727
358,19582,São Félix do Coribe,-13.4019,-44.1837
359,11300,São Gabriel,-11.2175,-41.8843
360,3165,São Gonçalo dos Campos,-12.4331,-38.9663
361,1960,São José da Vitória,-15.0787,-39.3437
362,9001,São José do Jacuípe,-11.4137,-39.8669
363,12744,São Miguel das Matas,-13.0434,-39.4578
364,3635,São Sebastião do Passé,-12.5123,-38.4905
365,10617,Sítio do Quinto,-10.3545,-38.2213
366,6817,Tabocas do Brejo Velho,-12.7026,-44.0075
367,9004,Tanhaçu,-14.0197,-41.2473
368,11308,Tanque Novo,-13.5485,-42.4934
369,9005,Tanquinho,-11.968,-39.1033
370,1157,Taperoá,-13.5321,-39.1009
371,18809,Tapiramutá,-11.8475,-40.7927
372,97,Teixeira de Freitas,-17.5399,-39.74
373,13122,Teodoro Sampaio,-12.295,-38.6347
374,5225,Teofilândia,-11.4827,-38.9913
375,11313,Teolândia,-13.5896,-39.484
376,8137,Terra Nova,-12.3888,-38.6238
377,11315,Tremedal,-14.9736,-41.4142
378,3798,Tucano,-10.9584,-38.7894
379,9011,Uauá,-9.83325,-39.4794
380,2330,Ubaitaba,-14.302999999999999,-39.3222
381,701,Ubatã,-14.2063,-39.5207
382,6824,Ubaíra,-13.2714,-39.666
383,11321,Uibaí,-11.3394,-42.1354
384,4298,Umburanas,-10.7339,-41.3234
385,1075,Una,-15.2791,-39.0765
386,6115,Urandi,-14.7678,-42.6498
387,416,Uruçuca,-14.5963,-39.2851
388,373,Utinga,-12.0783,-41.0954
389,1163,Valente,-11.4062,-39.457
390,1344,Valença,-13.3669,-39.073
391,7079,Varzedo,-12.9672,-39.3919
392,846,Vera Cruz,-12.9568,-38.6153
393,5236,Vereda,-17.2183,-40.0974
394,299,Vitória da Conquista,-14.8615,-40.8442
395,3027,Várzea Nova,-11.2557,-40.9432
396,5239,Várzea da Roça,-11.6005,-40.1328
397,20822,Wagner,-12.2819,-41.1715
398,10309,Wanderley,-12.1144,-43.8958
399,6593,Wenceslau Guimarães,-13.6908,-39.4762
400,7086,Xique-Xique,-10.823,-42.7245
401,1747,Água Fria,-11.8618,-38.7639
402,13150,Érico Cardoso,-13.4215,-42.1352
